"Longitude (x)","Latitude (y)","Station Name","Climate ID","Date/Time","Year","Month","Day","Data Quality","Max Temp (°C)","Max Temp Flag","Min Temp (°C)","Min Temp Flag","Mean Temp (°C)","Mean Temp Flag","Heat Deg Days (°C)","Heat Deg Days Flag","Cool Deg Days (°C)","Cool Deg Days Flag","Total Rain (mm)","Total Rain Flag","Total Snow (cm)","Total Snow Flag","Total Precip (mm)","Total Precip Flag","Snow on Grnd (cm)","Snow on Grnd Flag","Dir of Max Gust (10s deg)","Dir of Max Gust Flag","Spd of Max Gust (km/h)","Spd of Max Gust Flag"
"-117.45","56.19","ROMA","3075043","2018-01-01","2018","01","01","","","","","","","","","","","","","","","","","","","","","","",""
"-117.45","56.19","ROMA","3075043","2018-01-02","2018","01","02","","","","","","","","","","","","","","","","","","","","","","",""
"-117.45","56.19","ROMA","3075043","2018-01-03","2018","01","03","","","","","","","","","","","","","","","","","","","","","","",""
"-117.45","56.19","ROMA","3075043","2018-01-04","2018","01","04","","","","","","","","","","","","","","","","","","","","","","",""
"-117.45","56.19","ROMA","3075043","2018-01-05","2018","01","05","","","","","","","","","","","","","","","","","","","","","","",""
"-117.45","56.19","ROMA","3075043","2018-01-06","2018","01","06","","","","","","","","","","","","","","","","","","","","","","",""
"-117.45","56.19","ROMA","3075043","2018-01-07","2018","01","07","","","","","","","","","","","","","","","","","","","","","","",""
"-117.45","56.19","ROMA","3075043","2018-01-08","2018","01","08","","","","","","","","","","","","","","","","","","","","","","",""
"-117.45","56.19","ROMA","3075043","2018-01-09","2018","01","09","","","","","","","","","","","","","","","","","","","","","","",""
"-117.45","56.19","ROMA","3075043","2018-01-10","2018","01","10","","","","","","","","","","","","","","","","","","","","","","",""
"-117.45","56.19","ROMA","3075043","2018-01-11","2018","01","11","","","","","","","","","","","","","","","","","","","","","","",""
"-117.45","56.19","ROMA","3075043","2018-01-12","2018","01","12","","","","","","","","","","","","","","","","","","","","","","",""
"-117.45","56.19","ROMA","3075043","2018-01-13","2018","01","13","","","","","","","","","","","","","","","","","","","","","","",""
"-117.45","56.19","ROMA","3075043","2018-01-14","2018","01","14","","","","","","","","","","","","","","","","","","","","","","",""
"-117.45","56.19","ROMA","3075043","2018-01-15","2018","01","15","","","","","","","","","","","","","","","","","","","","","","",""
"-117.45","56.19","ROMA","3075043","2018-01-16","2018","01","16","","","","","","","","","","","","","","","","","","","","","","",""
"-117.45","56.19","ROMA","3075043","2018-01-17","2018","01","17","","","","","","","","","","","","","","","","","","","","","","",""
"-117.45","56.19","ROMA","3075043","2018-01-18","2018","01","18","","","","","","","","","","","","","","","","","","","","","","",""
"-117.45","56.19","ROMA","3075043","2018-01-19","2018","01","19","","","","","","","","","","","","","","","","","","","","","","",""
"-117.45","56.19","ROMA","3075043","2018-01-20","2018","01","20","","","","","","","","","","","","","","","","","","","","","","",""
"-117.45","56.19","ROMA","3075043","2018-01-21","2018","01","21","","","","","","","","","","","","","","","","","","","","","","",""
"-117.45","56.19","ROMA","3075043","2018-01-22","2018","01","22","","","","","","","","","","","","","","","","","","","","","","",""
"-117.45","56.19","ROMA","3075043","2018-01-23","2018","01","23","","","","","","","","","","","","","","","","","","","","","","",""
"-117.45","56.19","ROMA","3075043","2018-01-24","2018","01","24","","","","","","","","","","","","","","","","","","","","","","",""
"-117.45","56.19","ROMA","3075043","2018-01-25","2018","01","25","","","","","","","","","","","","","","","","","","","","","","",""
"-117.45","56.19","ROMA","3075043","2018-01-26","2018","01","26","","","","","","","","","","","","","","","","","","","","","","",""
"-117.45","56.19","ROMA","3075043","2018-01-27","2018","01","27","","","","","","","","","","","","","","","","","","","","","","",""
"-117.45","56.19","ROMA","3075043","2018-01-28","2018","01","28","","","","","","","","","","","","","","","","","","","","","","",""
"-117.45","56.19","ROMA","3075043","2018-01-29","2018","01","29","","","","","","","","","","","","","","","","","","","","","","",""
"-117.45","56.19","ROMA","3075043","2018-01-30","2018","01","30","","","","","","","","","","","","","","","","","","","","","","",""
"-117.45","56.19","ROMA","3075043","2018-01-31","2018","01","31","","","","","","","","","","","","","","","","","","","","","","",""
"-117.45","56.19","ROMA","3075043","2018-02-01","2018","02","01","","","","","","","","","","","","","","","","","","","","","","",""
"-117.45","56.19","ROMA","3075043","2018-02-02","2018","02","02","","","","","","","","","","","","","","","","","","","","","","",""
"-117.45","56.19","ROMA","3075043","2018-02-03","2018","02","03","","","","","","","","","","","","","","","","","","","","","","",""
"-117.45","56.19","ROMA","3075043","2018-02-04","2018","02","04","","","","","","","","","","","","","","","","","","","","","","",""
"-117.45","56.19","ROMA","3075043","2018-02-05","2018","02","05","","","","","","","","","","","","","","","","","","","","","","",""
"-117.45","56.19","ROMA","3075043","2018-02-06","2018","02","06","","","","","","","","","","","","","","","","","","","","","","",""
"-117.45","56.19","ROMA","3075043","2018-02-07","2018","02","07","","","","","","","","","","","","","","","","","","","","","","",""
"-117.45","56.19","ROMA","3075043","2018-02-08","2018","02","08","","","","","","","","","","","","","","","","","","","","","","",""
"-117.45","56.19","ROMA","3075043","2018-02-09","2018","02","09","","","","","","","","","","","","","","","","","","","","","","",""
"-117.45","56.19","ROMA","3075043","2018-02-10","2018","02","10","","","","","","","","","","","","","","","","","","","","","","",""
"-117.45","56.19","ROMA","3075043","2018-02-11","2018","02","11","","","","","","","","","","","","","","","","","","","","","","",""
"-117.45","56.19","ROMA","3075043","2018-02-12","2018","02","12","","","","","","","","","","","","","","","","","","","","","","",""
"-117.45","56.19","ROMA","3075043","2018-02-13","2018","02","13","","","","","","","","","","","","","","","","","","","","","","",""
"-117.45","56.19","ROMA","3075043","2018-02-14","2018","02","14","","","","","","","","","","","","","","","","","","","","","","",""
"-117.45","56.19","ROMA","3075043","2018-02-15","2018","02","15","","","","","","","","","","","","","","","","","","","","","","",""
"-117.45","56.19","ROMA","3075043","2018-02-16","2018","02","16","","","","","","","","","","","","","","","","","","","","","","",""
"-117.45","56.19","ROMA","3075043","2018-02-17","2018","02","17","","","","","","","","","","","","","","","","","","","","","","",""
"-117.45","56.19","ROMA","3075043","2018-02-18","2018","02","18","","","","","","","","","","","","","","","","","","","","","","",""
"-117.45","56.19","ROMA","3075043","2018-02-19","2018","02","19","","","","","","","","","","","","","","","","","","","","","","",""
"-117.45","56.19","ROMA","3075043","2018-02-20","2018","02","20","","","","","","","","","","","","","","","","","","","","","","",""
"-117.45","56.19","ROMA","3075043","2018-02-21","2018","02","21","","","","","","","","","","","","","","","","","","","","","","",""
"-117.45","56.19","ROMA","3075043","2018-02-22","2018","02","22","","","","","","","","","","","","","","","","","","","","","","",""
"-117.45","56.19","ROMA","3075043","2018-02-23","2018","02","23","","","","","","","","","","","","","","","","","","","","","","",""
"-117.45","56.19","ROMA","3075043","2018-02-24","2018","02","24","","","","","","","","","","","","","","","","","","","","","","",""
"-117.45","56.19","ROMA","3075043","2018-02-25","2018","02","25","","","","","","","","","","","","","","","","","","","","","","",""
"-117.45","56.19","ROMA","3075043","2018-02-26","2018","02","26","","","","","","","","","","","","","","","","","","","","","","",""
"-117.45","56.19","ROMA","3075043","2018-02-27","2018","02","27","","","","","","","","","","","","","","","","","","","","","","",""
"-117.45","56.19","ROMA","3075043","2018-02-28","2018","02","28","","","","","","","","","","","","","","","","","","","","","","",""
"-117.45","56.19","ROMA","3075043","2018-03-01","2018","03","01","","","","","","","","","","","","","","","","","","","","","","",""
"-117.45","56.19","ROMA","3075043","2018-03-02","2018","03","02","","","","","","","","","","","","","","","","","","","","","","",""
"-117.45","56.19","ROMA","3075043","2018-03-03","2018","03","03","","","","","","","","","","","","","","","","","","","","","","",""
"-117.45","56.19","ROMA","3075043","2018-03-04","2018","03","04","","","","","","","","","","","","","","","","","","","","","","",""
"-117.45","56.19","ROMA","3075043","2018-03-05","2018","03","05","","","","","","","","","","","","","","","","","","","","","","",""
"-117.45","56.19","ROMA","3075043","2018-03-06","2018","03","06","","","","","","","","","","","","","","","","","","","","","","",""
"-117.45","56.19","ROMA","3075043","2018-03-07","2018","03","07","","","","","","","","","","","","","","","","","","","","","","",""
"-117.45","56.19","ROMA","3075043","2018-03-08","2018","03","08","","","","","","","","","","","","","","","","","","","","","","",""
"-117.45","56.19","ROMA","3075043","2018-03-09","2018","03","09","","","","","","","","","","","","","","","","","","","","","","",""
"-117.45","56.19","ROMA","3075043","2018-03-10","2018","03","10","","","","","","","","","","","","","","","","","","","","","","",""
"-117.45","56.19","ROMA","3075043","2018-03-11","2018","03","11","","","","","","","","","","","","","","","","","","","","","","",""
"-117.45","56.19","ROMA","3075043","2018-03-12","2018","03","12","","","","","","","","","","","","","","","","","","","","","","",""
"-117.45","56.19","ROMA","3075043","2018-03-13","2018","03","13","","","","","","","","","","","","","","","","","","","","","","",""
"-117.45","56.19","ROMA","3075043","2018-03-14","2018","03","14","","","","","","","","","","","","","","","","","","","","","","",""
"-117.45","56.19","ROMA","3075043","2018-03-15","2018","03","15","","","","","","","","","","","","","","","","","","","","","","",""
"-117.45","56.19","ROMA","3075043","2018-03-16","2018","03","16","","","","","","","","","","","","","","","","","","","","","","",""
"-117.45","56.19","ROMA","3075043","2018-03-17","2018","03","17","","","","","","","","","","","","","","","","","","","","","","",""
"-117.45","56.19","ROMA","3075043","2018-03-18","2018","03","18","","","","","","","","","","","","","","","","","","","","","","",""
"-117.45","56.19","ROMA","3075043","2018-03-19","2018","03","19","","","","","","","","","","","","","","","","","","","","","","",""
"-117.45","56.19","ROMA","3075043","2018-03-20","2018","03","20","","","","","","","","","","","","","","","","","","","","","","",""
"-117.45","56.19","ROMA","3075043","2018-03-21","2018","03","21","","","","","","","","","","","","","","","","","","","","","","",""
"-117.45","56.19","ROMA","3075043","2018-03-22","2018","03","22","","","","","","","","","","","","","","","","","","","","","","",""
"-117.45","56.19","ROMA","3075043","2018-03-23","2018","03","23","","","","","","","","","","","","","","","","","","","","","","",""
"-117.45","56.19","ROMA","3075043","2018-03-24","2018","03","24","","","","","","","","","","","","","","","","","","","","","","",""
"-117.45","56.19","ROMA","3075043","2018-03-25","2018","03","25","","","","","","","","","","","","","","","","","","","","","","",""
"-117.45","56.19","ROMA","3075043","2018-03-26","2018","03","26","","","","","","","","","","","","","","","","","","","","","","",""
"-117.45","56.19","ROMA","3075043","2018-03-27","2018","03","27","","","","","","","","","","","","","","","","","","","","","","",""
"-117.45","56.19","ROMA","3075043","2018-03-28","2018","03","28","","","","","","","","","","","","","","","","","","","","","","",""
"-117.45","56.19","ROMA","3075043","2018-03-29","2018","03","29","","","","","","","","","","","","","","","","","","","","","","",""
"-117.45","56.19","ROMA","3075043","2018-03-30","2018","03","30","","","","","","","","","","","","","","","","","","","","","","",""
"-117.45","56.19","ROMA","3075043","2018-03-31","2018","03","31","","","","","","","","","","","","","","","","","","","","","","",""
"-117.45","56.19","ROMA","3075043","2018-04-01","2018","04","01","","","","","","","","","","","","","","","","","","","","","","",""
"-117.45","56.19","ROMA","3075043","2018-04-02","2018","04","02","","","","","","","","","","","","","","","","","","","","","","",""
"-117.45","56.19","ROMA","3075043","2018-04-03","2018","04","03","","","","","","","","","","","","","","","","","","","","","","",""
"-117.45","56.19","ROMA","3075043","2018-04-04","2018","04","04","","","","","","","","","","","","","","","","","","","","","","",""
"-117.45","56.19","ROMA","3075043","2018-04-05","2018","04","05","","","","","","","","","","","","","","","","","","","","","","",""
"-117.45","56.19","ROMA","3075043","2018-04-06","2018","04","06","","","","","","","","","","","","","","","","","","","","","","",""
"-117.45","56.19","ROMA","3075043","2018-04-07","2018","04","07","","","","","","","","","","","","","","","","","","","","","","",""
"-117.45","56.19","ROMA","3075043","2018-04-08","2018","04","08","","","","","","","","","","","","","","","","","","","","","","",""
"-117.45","56.19","ROMA","3075043","2018-04-09","2018","04","09","","","","","","","","","","","","","","","","","","","","","","",""
"-117.45","56.19","ROMA","3075043","2018-04-10","2018","04","10","","","","","","","","","","","","","","","","","","","","","","",""
"-117.45","56.19","ROMA","3075043","2018-04-11","2018","04","11","","","","","","","","","","","","","","","","","","","","","","",""
"-117.45","56.19","ROMA","3075043","2018-04-12","2018","04","12","","","","","","","","","","","","","","","","","","","","","","",""
"-117.45","56.19","ROMA","3075043","2018-04-13","2018","04","13","","","","","","","","","","","","","","","","","","","","","","",""
"-117.45","56.19","ROMA","3075043","2018-04-14","2018","04","14","","","","","","","","","","","","","","","","","","","","","","",""
"-117.45","56.19","ROMA","3075043","2018-04-15","2018","04","15","","","","","","","","","","","","","","","","","","","","","","",""
"-117.45","56.19","ROMA","3075043","2018-04-16","2018","04","16","","","","","","","","","","","","","","","","","","","","","","",""
"-117.45","56.19","ROMA","3075043","2018-04-17","2018","04","17","","","","","","","","","","","","","","","","","","","","","","",""
"-117.45","56.19","ROMA","3075043","2018-04-18","2018","04","18","","","","","","","","","","","","","","","","","","","","","","",""
"-117.45","56.19","ROMA","3075043","2018-04-19","2018","04","19","","","","","","","","","","","","","","","","","","","","","","",""
"-117.45","56.19","ROMA","3075043","2018-04-20","2018","04","20","","","","","","","","","","","","","","","","","","","","","","",""
"-117.45","56.19","ROMA","3075043","2018-04-21","2018","04","21","","","","","","","","","","","","","","","","","","","","","","",""
"-117.45","56.19","ROMA","3075043","2018-04-22","2018","04","22","","","","","","","","","","","","","","","","","","","","","","",""
"-117.45","56.19","ROMA","3075043","2018-04-23","2018","04","23","","","","","","","","","","","","","","","","","","","","","","",""
"-117.45","56.19","ROMA","3075043","2018-04-24","2018","04","24","","","","","","","","","","","","","","","","","","","","","","",""
"-117.45","56.19","ROMA","3075043","2018-04-25","2018","04","25","","","","","","","","","","","","","","","","","","","","","","",""
"-117.45","56.19","ROMA","3075043","2018-04-26","2018","04","26","","","","","","","","","","","","","","","","","","","","","","",""
"-117.45","56.19","ROMA","3075043","2018-04-27","2018","04","27","","","","","","","","","","","","","","","","","","","","","","",""
"-117.45","56.19","ROMA","3075043","2018-04-28","2018","04","28","","","","","","","","","","","","","","","","","","","","","","",""
"-117.45","56.19","ROMA","3075043","2018-04-29","2018","04","29","","","","","","","","","","","","","","","","","","","","","","",""
"-117.45","56.19","ROMA","3075043","2018-04-30","2018","04","30","","","","","","","","","","","","","","","","","","","","","","",""
"-117.45","56.19","ROMA","3075043","2018-05-01","2018","05","01","","","","","","","","","","","","","","","","","","","","","","",""
"-117.45","56.19","ROMA","3075043","2018-05-02","2018","05","02","","","","","","","","","","","","","","","","","","","","","","",""
"-117.45","56.19","ROMA","3075043","2018-05-03","2018","05","03","","","","","","","","","","","","","","","","","","","","","","",""
"-117.45","56.19","ROMA","3075043","2018-05-04","2018","05","04","","","","","","","","","","","","","","","","","","","","","","",""
"-117.45","56.19","ROMA","3075043","2018-05-05","2018","05","05","","","","","","","","","","","","","","","","","","","","","","",""
"-117.45","56.19","ROMA","3075043","2018-05-06","2018","05","06","","","","","","","","","","","","","","","","","","","","","","",""
"-117.45","56.19","ROMA","3075043","2018-05-07","2018","05","07","","","","","","","","","","","","","","","","","","","","","","",""
"-117.45","56.19","ROMA","3075043","2018-05-08","2018","05","08","","","","","","","","","","","","","","","","","","","","","","",""
"-117.45","56.19","ROMA","3075043","2018-05-09","2018","05","09","","","","","","","","","","","","","","","","","","","","","","",""
"-117.45","56.19","ROMA","3075043","2018-05-10","2018","05","10","","","","","","","","","","","","","","","","","","","","","","",""
"-117.45","56.19","ROMA","3075043","2018-05-11","2018","05","11","","","","","","","","","","","","","","","","","","","","","","",""
"-117.45","56.19","ROMA","3075043","2018-05-12","2018","05","12","","","","","","","","","","","","","","","","","","","","","","",""
"-117.45","56.19","ROMA","3075043","2018-05-13","2018","05","13","","","","","","","","","","","","","","","","","","","","","","",""
"-117.45","56.19","ROMA","3075043","2018-05-14","2018","05","14","","","","","","","","","","","","","","","","","","","","","","",""
"-117.45","56.19","ROMA","3075043","2018-05-15","2018","05","15","","","","","","","","","","","","","","","","","","","","","","",""
"-117.45","56.19","ROMA","3075043","2018-05-16","2018","05","16","","","","","","","","","","","","","","","","","","","","","","",""
"-117.45","56.19","ROMA","3075043","2018-05-17","2018","05","17","","","","","","","","","","","","","","","","","","","","","","",""
"-117.45","56.19","ROMA","3075043","2018-05-18","2018","05","18","","","","","","","","","","","","","","","","","","","","","","",""
"-117.45","56.19","ROMA","3075043","2018-05-19","2018","05","19","","","","","","","","","","","","","","","","","","","","","","",""
"-117.45","56.19","ROMA","3075043","2018-05-20","2018","05","20","","","","","","","","","","","","","","","","","","","","","","",""
"-117.45","56.19","ROMA","3075043","2018-05-21","2018","05","21","","","","","","","","","","","","","","","","","","","","","","",""
"-117.45","56.19","ROMA","3075043","2018-05-22","2018","05","22","","","","","","","","","","","","","","","","","","","","","","",""
"-117.45","56.19","ROMA","3075043","2018-05-23","2018","05","23","","","","","","","","","","","","","","","","","","","","","","",""
"-117.45","56.19","ROMA","3075043","2018-05-24","2018","05","24","","","","","","","","","","","","","","","","","","","","","","",""
"-117.45","56.19","ROMA","3075043","2018-05-25","2018","05","25","","","","","","","","","","","","","","","","","","","","","","",""
"-117.45","56.19","ROMA","3075043","2018-05-26","2018","05","26","","","","","","","","","","","","","","","","","","","","","","",""
"-117.45","56.19","ROMA","3075043","2018-05-27","2018","05","27","","","","","","","","","","","","","","","","","","","","","","",""
"-117.45","56.19","ROMA","3075043","2018-05-28","2018","05","28","","","","","","","","","","","","","","","","","","","","","","",""
"-117.45","56.19","ROMA","3075043","2018-05-29","2018","05","29","","","","","","","","","","","","","","","","","","","","","","",""
"-117.45","56.19","ROMA","3075043","2018-05-30","2018","05","30","","","","","","","","","","","","","","","","","","","","","","",""
"-117.45","56.19","ROMA","3075043","2018-05-31","2018","05","31","","","","","","","","","","","","","","","","","","","","","","",""
"-117.45","56.19","ROMA","3075043","2018-06-01","2018","06","01","","","","","","","","","","","","","","","","","","","","","","",""
"-117.45","56.19","ROMA","3075043","2018-06-02","2018","06","02","","","","","","","","","","","","","","","","","","","","","","",""
"-117.45","56.19","ROMA","3075043","2018-06-03","2018","06","03","","","","","","","","","","","","","","","","","","","","","","",""
"-117.45","56.19","ROMA","3075043","2018-06-04","2018","06","04","","","","","","","","","","","","","","","","","","","","","","",""
"-117.45","56.19","ROMA","3075043","2018-06-05","2018","06","05","","","","","","","","","","","","","","","","","","","","","","",""
"-117.45","56.19","ROMA","3075043","2018-06-06","2018","06","06","","","","","","","","","","","","","","","","","","","","","","",""
"-117.45","56.19","ROMA","3075043","2018-06-07","2018","06","07","","","","","","","","","","","","","","","","","","","","","","",""
"-117.45","56.19","ROMA","3075043","2018-06-08","2018","06","08","","","","","","","","","","","","","","","","","","","","","","",""
"-117.45","56.19","ROMA","3075043","2018-06-09","2018","06","09","","","","","","","","","","","","","","","","","","","","","","",""
"-117.45","56.19","ROMA","3075043","2018-06-10","2018","06","10","","","","","","","","","","","","","","","","","","","","","","",""
"-117.45","56.19","ROMA","3075043","2018-06-11","2018","06","11","","","","","","","","","","","","","","","","","","","","","","",""
"-117.45","56.19","ROMA","3075043","2018-06-12","2018","06","12","","","","","","","","","","","","","","","","","","","","","","",""
"-117.45","56.19","ROMA","3075043","2018-06-13","2018","06","13","","","","","","","","","","","","","","","","","","","","","","",""
"-117.45","56.19","ROMA","3075043","2018-06-14","2018","06","14","","","","","","","","","","","","","","","","","","","","","","",""
"-117.45","56.19","ROMA","3075043","2018-06-15","2018","06","15","","","","","","","","","","","","","","","","","","","","","","",""
"-117.45","56.19","ROMA","3075043","2018-06-16","2018","06","16","","","","","","","","","","","","","","","","","","","","","","",""
"-117.45","56.19","ROMA","3075043","2018-06-17","2018","06","17","","","","","","","","","","","","","","","","","","","","","","",""
"-117.45","56.19","ROMA","3075043","2018-06-18","2018","06","18","","","","","","","","","","","","","","","","","","","","","","",""
"-117.45","56.19","ROMA","3075043","2018-06-19","2018","06","19","","","","","","","","","","","","","","","","","","","","","","",""
"-117.45","56.19","ROMA","3075043","2018-06-20","2018","06","20","","","","","","","","","","","","","","","","","","","","","","",""
"-117.45","56.19","ROMA","3075043","2018-06-21","2018","06","21","","","","","","","","","","","","","","","","","","","","","","",""
"-117.45","56.19","ROMA","3075043","2018-06-22","2018","06","22","","","","","","","","","","","","","","","","","","","","","","",""
"-117.45","56.19","ROMA","3075043","2018-06-23","2018","06","23","","","","","","","","","","","","","","","","","","","","","","",""
"-117.45","56.19","ROMA","3075043","2018-06-24","2018","06","24","","","","","","","","","","","","","","","","","","","","","","",""
"-117.45","56.19","ROMA","3075043","2018-06-25","2018","06","25","","","","","","","","","","","","","","","","","","","","","","",""
"-117.45","56.19","ROMA","3075043","2018-06-26","2018","06","26","","","","","","","","","","","","","","","","","","","","","","",""
"-117.45","56.19","ROMA","3075043","2018-06-27","2018","06","27","","","","","","","","","","","","","","","","","","","","","","",""
"-117.45","56.19","ROMA","3075043","2018-06-28","2018","06","28","","","","","","","","","","","","","","","","","","","","","","",""
"-117.45","56.19","ROMA","3075043","2018-06-29","2018","06","29","","","","","","","","","","","","","","","","","","","","","","",""
"-117.45","56.19","ROMA","3075043","2018-06-30","2018","06","30","","","","","","","","","","","","","","","","","","","","","","",""
"-117.45","56.19","ROMA","3075043","2018-07-01","2018","07","01","","","","","","","","","","","","","","","","","","","","","","",""
"-117.45","56.19","ROMA","3075043","2018-07-02","2018","07","02","","","","","","","","","","","","","","","","","","","","","","",""
"-117.45","56.19","ROMA","3075043","2018-07-03","2018","07","03","","","","","","","","","","","","","","","","","","","","","","",""
"-117.45","56.19","ROMA","3075043","2018-07-04","2018","07","04","","","","","","","","","","","","","","","","","","","","","","",""
"-117.45","56.19","ROMA","3075043","2018-07-05","2018","07","05","","","","","","","","","","","","","","","","","","","","","","",""
"-117.45","56.19","ROMA","3075043","2018-07-06","2018","07","06","","","","","","","","","","","","","","","","","","","","","","",""
"-117.45","56.19","ROMA","3075043","2018-07-07","2018","07","07","","","","","","","","","","","","","","","","","","","","","","",""
"-117.45","56.19","ROMA","3075043","2018-07-08","2018","07","08","","","","","","","","","","","","","","","","","","","","","","",""
"-117.45","56.19","ROMA","3075043","2018-07-09","2018","07","09","","","","","","","","","","","","","","","","","","","","","","",""
"-117.45","56.19","ROMA","3075043","2018-07-10","2018","07","10","","","","","","","","","","","","","","","","","","","","","","",""
"-117.45","56.19","ROMA","3075043","2018-07-11","2018","07","11","","","","","","","","","","","","","","","","","","","","","","",""
"-117.45","56.19","ROMA","3075043","2018-07-12","2018","07","12","","","","","","","","","","","","","","","","","","","","","","",""
"-117.45","56.19","ROMA","3075043","2018-07-13","2018","07","13","","","","","","","","","","","","","","","","","","","","","","",""
"-117.45","56.19","ROMA","3075043","2018-07-14","2018","07","14","","","","","","","","","","","","","","","","","","","","","","",""
"-117.45","56.19","ROMA","3075043","2018-07-15","2018","07","15","","","","","","","","","","","","","","","","","","","","","","",""
"-117.45","56.19","ROMA","3075043","2018-07-16","2018","07","16","","","","","","","","","","","","","","","","","","","","","","",""
"-117.45","56.19","ROMA","3075043","2018-07-17","2018","07","17","","","","","","","","","","","","","","","","","","","","","","",""
"-117.45","56.19","ROMA","3075043","2018-07-18","2018","07","18","","","","","","","","","","","","","","","","","","","","","","",""
"-117.45","56.19","ROMA","3075043","2018-07-19","2018","07","19","","","","","","","","","","","","","","","","","","","","","","",""
"-117.45","56.19","ROMA","3075043","2018-07-20","2018","07","20","","","","","","","","","","","","","","","","","","","","","","",""
"-117.45","56.19","ROMA","3075043","2018-07-21","2018","07","21","","","","","","","","","","","","","","","","","","","","","","",""
"-117.45","56.19","ROMA","3075043","2018-07-22","2018","07","22","","","","","","","","","","","","","","","","","","","","","","",""
"-117.45","56.19","ROMA","3075043","2018-07-23","2018","07","23","","","","","","","","","","","","","","","","","","","","","","",""
"-117.45","56.19","ROMA","3075043","2018-07-24","2018","07","24","","","","","","","","","","","","","","","","","","","","","","",""
"-117.45","56.19","ROMA","3075043","2018-07-25","2018","07","25","","","","","","","","","","","","","","","","","","","","","","",""
"-117.45","56.19","ROMA","3075043","2018-07-26","2018","07","26","","","","","","","","","","","","","","","","","","","","","","",""
"-117.45","56.19","ROMA","3075043","2018-07-27","2018","07","27","","","","","","","","","","","","","","","","","","","","","","",""
"-117.45","56.19","ROMA","3075043","2018-07-28","2018","07","28","","","","","","","","","","","","","","","","","","","","","","",""
"-117.45","56.19","ROMA","3075043","2018-07-29","2018","07","29","","","","","","","","","","","","","","","","","","","","","","",""
"-117.45","56.19","ROMA","3075043","2018-07-30","2018","07","30","","","","","","","","","","","","","","","","","","","","","","",""
"-117.45","56.19","ROMA","3075043","2018-07-31","2018","07","31","","","","","","","","","","","","","","","","","","","","","","",""
"-117.45","56.19","ROMA","3075043","2018-08-01","2018","08","01","","","","","","","","","","","","","","","","","","","","","","",""
"-117.45","56.19","ROMA","3075043","2018-08-02","2018","08","02","","","","","","","","","","","","","","","","","","","","","","",""
"-117.45","56.19","ROMA","3075043","2018-08-03","2018","08","03","","","","","","","","","","","","","","","","","","","","","","",""
"-117.45","56.19","ROMA","3075043","2018-08-04","2018","08","04","","","","","","","","","","","","","","","","","","","","","","",""
"-117.45","56.19","ROMA","3075043","2018-08-05","2018","08","05","","","","","","","","","","","","","","","","","","","","","","",""
"-117.45","56.19","ROMA","3075043","2018-08-06","2018","08","06","","","","","","","","","","","","","","","","","","","","","","",""
"-117.45","56.19","ROMA","3075043","2018-08-07","2018","08","07","","","","","","","","","","","","","","","","","","","","","","",""
"-117.45","56.19","ROMA","3075043","2018-08-08","2018","08","08","","","","","","","","","","","","","","","","","","","","","","",""
"-117.45","56.19","ROMA","3075043","2018-08-09","2018","08","09","","","","","","","","","","","","","","","","","","","","","","",""
"-117.45","56.19","ROMA","3075043","2018-08-10","2018","08","10","","","","","","","","","","","","","","","","","","","","","","",""
"-117.45","56.19","ROMA","3075043","2018-08-11","2018","08","11","","","","","","","","","","","","","","","","","","","","","","",""
"-117.45","56.19","ROMA","3075043","2018-08-12","2018","08","12","","","","","","","","","","","","","","","","","","","","","","",""
"-117.45","56.19","ROMA","3075043","2018-08-13","2018","08","13","","","","","","","","","","","","","","","","","","","","","","",""
"-117.45","56.19","ROMA","3075043","2018-08-14","2018","08","14","","","","","","","","","","","","","","","","","","","","","","",""
"-117.45","56.19","ROMA","3075043","2018-08-15","2018","08","15","","","","","","","","","","","","","","","","","","","","","","",""
"-117.45","56.19","ROMA","3075043","2018-08-16","2018","08","16","","","","","","","","","","","","","","","","","","","","","","",""
"-117.45","56.19","ROMA","3075043","2018-08-17","2018","08","17","","","","","","","","","","","","","","","","","","","","","","",""
"-117.45","56.19","ROMA","3075043","2018-08-18","2018","08","18","","","","","","","","","","","","","","","","","","","","","","",""
"-117.45","56.19","ROMA","3075043","2018-08-19","2018","08","19","","","","","","","","","","","","","","","","","","","","","","",""
"-117.45","56.19","ROMA","3075043","2018-08-20","2018","08","20","","","","","","","","","","","","","","","","","","","","","","",""
"-117.45","56.19","ROMA","3075043","2018-08-21","2018","08","21","","","","","","","","","","","","","","","","","","","","","","",""
"-117.45","56.19","ROMA","3075043","2018-08-22","2018","08","22","","","","","","","","","","","","","","","","","","","","","","",""
"-117.45","56.19","ROMA","3075043","2018-08-23","2018","08","23","","","","","","","","","","","","","","","","","","","","","","",""
"-117.45","56.19","ROMA","3075043","2018-08-24","2018","08","24","","","","","","","","","","","","","","","","","","","","","","",""
"-117.45","56.19","ROMA","3075043","2018-08-25","2018","08","25","","","","","","","","","","","","","","","","","","","","","","",""
"-117.45","56.19","ROMA","3075043","2018-08-26","2018","08","26","","","","","","","","","","","","","","","","","","","","","","",""
"-117.45","56.19","ROMA","3075043","2018-08-27","2018","08","27","","","","","","","","","","","","","","","","","","","","","","",""
"-117.45","56.19","ROMA","3075043","2018-08-28","2018","08","28","","","","","","","","","","","","","","","","","","","","","","",""
"-117.45","56.19","ROMA","3075043","2018-08-29","2018","08","29","","","","","","","","","","","","","","","","","","","","","","",""
"-117.45","56.19","ROMA","3075043","2018-08-30","2018","08","30","","","","","","","","","","","","","","","","","","","","","","",""
"-117.45","56.19","ROMA","3075043","2018-08-31","2018","08","31","","","","","","","","","","","","","","","","","","","","","","",""
"-117.45","56.19","ROMA","3075043","2018-09-01","2018","09","01","","","","","","","","","","","","","","","","","","","","","","",""
"-117.45","56.19","ROMA","3075043","2018-09-02","2018","09","02","","","","","","","","","","","","","","","","","","","","","","",""
"-117.45","56.19","ROMA","3075043","2018-09-03","2018","09","03","","","","","","","","","","","","","","","","","","","","","","",""
"-117.45","56.19","ROMA","3075043","2018-09-04","2018","09","04","","","","","","","","","","","","","","","","","","","","","","",""
"-117.45","56.19","ROMA","3075043","2018-09-05","2018","09","05","","","","","","","","","","","","","","","","","","","","","","",""
"-117.45","56.19","ROMA","3075043","2018-09-06","2018","09","06","","","","","","","","","","","","","","","","","","","","","","",""
"-117.45","56.19","ROMA","3075043","2018-09-07","2018","09","07","","","","","","","","","","","","","","","","","","","","","","",""
"-117.45","56.19","ROMA","3075043","2018-09-08","2018","09","08","","","","","","","","","","","","","","","","","","","","","","",""
"-117.45","56.19","ROMA","3075043","2018-09-09","2018","09","09","","","","","","","","","","","","","","","","","","","","","","",""
"-117.45","56.19","ROMA","3075043","2018-09-10","2018","09","10","","","","","","","","","","","","","","","","","","","","","","",""
"-117.45","56.19","ROMA","3075043","2018-09-11","2018","09","11","","","","","","","","","","","","","","","","","","","","","","",""
"-117.45","56.19","ROMA","3075043","2018-09-12","2018","09","12","","","","","","","","","","","","","","","","","","","","","","",""
"-117.45","56.19","ROMA","3075043","2018-09-13","2018","09","13","","","","","","","","","","","","","","","","","","","","","","",""
"-117.45","56.19","ROMA","3075043","2018-09-14","2018","09","14","","","","","","","","","","","","","","","","","","","","","","",""
"-117.45","56.19","ROMA","3075043","2018-09-15","2018","09","15","","","","","","","","","","","","","","","","","","","","","","",""
"-117.45","56.19","ROMA","3075043","2018-09-16","2018","09","16","","","","","","","","","","","","","","","","","","","","","","",""
"-117.45","56.19","ROMA","3075043","2018-09-17","2018","09","17","","","","","","","","","","","","","","","","","","","","","","",""
"-117.45","56.19","ROMA","3075043","2018-09-18","2018","09","18","","","","","","","","","","","","","","","","","","","","","","",""
"-117.45","56.19","ROMA","3075043","2018-09-19","2018","09","19","","","","","","","","","","","","","","","","","","","","","","",""
"-117.45","56.19","ROMA","3075043","2018-09-20","2018","09","20","","","","","","","","","","","","","","","","","","","","","","",""
"-117.45","56.19","ROMA","3075043","2018-09-21","2018","09","21","","","","","","","","","","","","","","","","","","","","","","",""
"-117.45","56.19","ROMA","3075043","2018-09-22","2018","09","22","","","","","","","","","","","","","","","","","","","","","","",""
"-117.45","56.19","ROMA","3075043","2018-09-23","2018","09","23","","","","","","","","","","","","","","","","","","","","","","",""
"-117.45","56.19","ROMA","3075043","2018-09-24","2018","09","24","","","","","","","","","","","","","","","","","","","","","","",""
"-117.45","56.19","ROMA","3075043","2018-09-25","2018","09","25","","","","","","","","","","","","","","","","","","","","","","",""
"-117.45","56.19","ROMA","3075043","2018-09-26","2018","09","26","","","","","","","","","","","","","","","","","","","","","","",""
"-117.45","56.19","ROMA","3075043","2018-09-27","2018","09","27","","","","","","","","","","","","","","","","","","","","","","",""
"-117.45","56.19","ROMA","3075043","2018-09-28","2018","09","28","","","","","","","","","","","","","","","","","","","","","","",""
"-117.45","56.19","ROMA","3075043","2018-09-29","2018","09","29","","","","","","","","","","","","","","","","","","","","","","",""
"-117.45","56.19","ROMA","3075043","2018-09-30","2018","09","30","","","","","","","","","","","","","","","","","","","","","","",""
"-117.45","56.19","ROMA","3075043","2018-10-01","2018","10","01","","","","","","","","","","","","","","","","","","","","","","",""
"-117.45","56.19","ROMA","3075043","2018-10-02","2018","10","02","","","","","","","","","","","","","","","","","","","","","","",""
"-117.45","56.19","ROMA","3075043","2018-10-03","2018","10","03","","","","","","","","","","","","","","","","","","","","","","",""
"-117.45","56.19","ROMA","3075043","2018-10-04","2018","10","04","","","","","","","","","","","","","","","","","","","","","","",""
"-117.45","56.19","ROMA","3075043","2018-10-05","2018","10","05","","","","","","","","","","","","","","","","","","","","","","",""
"-117.45","56.19","ROMA","3075043","2018-10-06","2018","10","06","","","","","","","","","","","","","","","","","","","","","","",""
"-117.45","56.19","ROMA","3075043","2018-10-07","2018","10","07","","","","","","","","","","","","","","","","","","","","","","",""
"-117.45","56.19","ROMA","3075043","2018-10-08","2018","10","08","","","","","","","","","","","","","","","","","","","","","","",""
"-117.45","56.19","ROMA","3075043","2018-10-09","2018","10","09","","","","","","","","","","","","","","","","","","","","","","",""
"-117.45","56.19","ROMA","3075043","2018-10-10","2018","10","10","","","","","","","","","","","","","","","","","","","","","","",""
"-117.45","56.19","ROMA","3075043","2018-10-11","2018","10","11","","","","","","","","","","","","","","","","","","","","","","",""
"-117.45","56.19","ROMA","3075043","2018-10-12","2018","10","12","","","","","","","","","","","","","","","","","","","","","","",""
"-117.45","56.19","ROMA","3075043","2018-10-13","2018","10","13","","","","","","","","","","","","","","","","","","","","","","",""
"-117.45","56.19","ROMA","3075043","2018-10-14","2018","10","14","","","","","","","","","","","","","","","","","","","","","","",""
"-117.45","56.19","ROMA","3075043","2018-10-15","2018","10","15","","","","","","","","","","","","","","","","","","","","","","",""
"-117.45","56.19","ROMA","3075043","2018-10-16","2018","10","16","","","","","","","","","","","","","","","","","","","","","","",""
"-117.45","56.19","ROMA","3075043","2018-10-17","2018","10","17","","","","","","","","","","","","","","","","","","","","","","",""
"-117.45","56.19","ROMA","3075043","2018-10-18","2018","10","18","","","","","","","","","","","","","","","","","","","","","","",""
"-117.45","56.19","ROMA","3075043","2018-10-19","2018","10","19","","","","","","","","","","","","","","","","","","","","","","",""
"-117.45","56.19","ROMA","3075043","2018-10-20","2018","10","20","","","","","","","","","","","","","","","","","","","","","","",""
"-117.45","56.19","ROMA","3075043","2018-10-21","2018","10","21","","","","","","","","","","","","","","","","","","","","","","",""
"-117.45","56.19","ROMA","3075043","2018-10-22","2018","10","22","","","","","","","","","","","","","","","","","","","","","","",""
"-117.45","56.19","ROMA","3075043","2018-10-23","2018","10","23","","","","","","","","","","","","","","","","","","","","","","",""
"-117.45","56.19","ROMA","3075043","2018-10-24","2018","10","24","","","","","","","","","","","","","","","","","","","","","","",""
"-117.45","56.19","ROMA","3075043","2018-10-25","2018","10","25","","","","","","","","","","","","","","","","","","","","","","",""
"-117.45","56.19","ROMA","3075043","2018-10-26","2018","10","26","","","","","","","","","","","","","","","","","","","","","","",""
"-117.45","56.19","ROMA","3075043","2018-10-27","2018","10","27","","","","","","","","","","","","","","","","","","","","","","",""
"-117.45","56.19","ROMA","3075043","2018-10-28","2018","10","28","","","","","","","","","","","","","","","","","","","","","","",""
"-117.45","56.19","ROMA","3075043","2018-10-29","2018","10","29","","","","","","","","","","","","","","","","","","","","","","",""
"-117.45","56.19","ROMA","3075043","2018-10-30","2018","10","30","","","","","","","","","","","","","","","","","","","","","","",""
"-117.45","56.19","ROMA","3075043","2018-10-31","2018","10","31","","","","","","","","","","","","","","","","","","","","","","",""
"-117.45","56.19","ROMA","3075043","2018-11-01","2018","11","01","","","","","","","","","","","","","","","","","","","","","","",""
"-117.45","56.19","ROMA","3075043","2018-11-02","2018","11","02","","","","","","","","","","","","","","","","","","","","","","",""
"-117.45","56.19","ROMA","3075043","2018-11-03","2018","11","03","","","","","","","","","","","","","","","","","","","","","","",""
"-117.45","56.19","ROMA","3075043","2018-11-04","2018","11","04","","","","","","","","","","","","","","","","","","","","","","",""
"-117.45","56.19","ROMA","3075043","2018-11-05","2018","11","05","","","","","","","","","","","","","","","","","","","","","","",""
"-117.45","56.19","ROMA","3075043","2018-11-06","2018","11","06","","","","","","","","","","","","","","","","","","","","","","",""
"-117.45","56.19","ROMA","3075043","2018-11-07","2018","11","07","","","","","","","","","","","","","","","","","","","","","","",""
"-117.45","56.19","ROMA","3075043","2018-11-08","2018","11","08","","","","","","","","","","","","","","","","","","","","","","",""
"-117.45","56.19","ROMA","3075043","2018-11-09","2018","11","09","","","","","","","","","","","","","","","","","","","","","","",""
"-117.45","56.19","ROMA","3075043","2018-11-10","2018","11","10","","","","","","","","","","","","","","","","","","","","","","",""
"-117.45","56.19","ROMA","3075043","2018-11-11","2018","11","11","","","","","","","","","","","","","","","","","","","","","","",""
"-117.45","56.19","ROMA","3075043","2018-11-12","2018","11","12","","","","","","","","","","","","","","","","","","","","","","",""
"-117.45","56.19","ROMA","3075043","2018-11-13","2018","11","13","","","","","","","","","","","","","","","","","","","","","","",""
"-117.45","56.19","ROMA","3075043","2018-11-14","2018","11","14","","","","","","","","","","","","","","","","","","","","","","",""
"-117.45","56.19","ROMA","3075043","2018-11-15","2018","11","15","","","","","","","","","","","","","","","","","","","","","","",""
"-117.45","56.19","ROMA","3075043","2018-11-16","2018","11","16","","","","","","","","","","","","","","","","","","","","","","",""
"-117.45","56.19","ROMA","3075043","2018-11-17","2018","11","17","","","","","","","","","","","","","","","","","","","","","","",""
"-117.45","56.19","ROMA","3075043","2018-11-18","2018","11","18","","","","","","","","","","","","","","","","","","","","","","",""
"-117.45","56.19","ROMA","3075043","2018-11-19","2018","11","19","","","","","","","","","","","","","","","","","","","","","","",""
"-117.45","56.19","ROMA","3075043","2018-11-20","2018","11","20","","","","","","","","","","","","","","","","","","","","","","",""
"-117.45","56.19","ROMA","3075043","2018-11-21","2018","11","21","","","","","","","","","","","","","","","","","","","","","","",""
"-117.45","56.19","ROMA","3075043","2018-11-22","2018","11","22","","","","","","","","","","","","","","","","","","","","","","",""
"-117.45","56.19","ROMA","3075043","2018-11-23","2018","11","23","","","","","","","","","","","","","","","","","","","","","","",""
"-117.45","56.19","ROMA","3075043","2018-11-24","2018","11","24","","","","","","","","","","","","","","","","","","","","","","",""
"-117.45","56.19","ROMA","3075043","2018-11-25","2018","11","25","","","","","","","","","","","","","","","","","","","","","","",""
"-117.45","56.19","ROMA","3075043","2018-11-26","2018","11","26","","","","","","","","","","","","","","","","","","","","","","",""
"-117.45","56.19","ROMA","3075043","2018-11-27","2018","11","27","","","","","","","","","","","","","","","","","","","","","","",""
"-117.45","56.19","ROMA","3075043","2018-11-28","2018","11","28","","","","","","","","","","","","","","","","","","","","","","",""
"-117.45","56.19","ROMA","3075043","2018-11-29","2018","11","29","","","","","","","","","","","","","","","","","","","","","","",""
"-117.45","56.19","ROMA","3075043","2018-11-30","2018","11","30","","","","","","","","","","","","","","","","","","","","","","",""
"-117.45","56.19","ROMA","3075043","2018-12-01","2018","12","01","","","","","","","","","","","","","","","","","","","","","","",""
"-117.45","56.19","ROMA","3075043","2018-12-02","2018","12","02","","","","","","","","","","","","","","","","","","","","","","",""
"-117.45","56.19","ROMA","3075043","2018-12-03","2018","12","03","","","","","","","","","","","","","","","","","","","","","","",""
"-117.45","56.19","ROMA","3075043","2018-12-04","2018","12","04","","","","","","","","","","","","","","","","","","","","","","",""
"-117.45","56.19","ROMA","3075043","2018-12-05","2018","12","05","","","","","","","","","","","","","","","","","","","","","","",""
"-117.45","56.19","ROMA","3075043","2018-12-06","2018","12","06","","","","","","","","","","","","","","","","","","","","","","",""
"-117.45","56.19","ROMA","3075043","2018-12-07","2018","12","07","","","","","","","","","","","","","","","","","","","","","","",""
"-117.45","56.19","ROMA","3075043","2018-12-08","2018","12","08","","","","","","","","","","","","","","","","","","","","","","",""
"-117.45","56.19","ROMA","3075043","2018-12-09","2018","12","09","","","","","","","","","","","","","","","","","","","","","","",""
"-117.45","56.19","ROMA","3075043","2018-12-10","2018","12","10","","","","","","","","","","","","","","","","","","","","","","",""
"-117.45","56.19","ROMA","3075043","2018-12-11","2018","12","11","","","","","","","","","","","","","","","","","","","","","","",""
"-117.45","56.19","ROMA","3075043","2018-12-12","2018","12","12","","","","","","","","","","","","","","","","","","","","","","",""
"-117.45","56.19","ROMA","3075043","2018-12-13","2018","12","13","","","","","","","","","","","","","","","","","","","","","","",""
"-117.45","56.19","ROMA","3075043","2018-12-14","2018","12","14","","","","","","","","","","","","","","","","","","","","","","",""
"-117.45","56.19","ROMA","3075043","2018-12-15","2018","12","15","","","","","","","","","","","","","","","","","","","","","","",""
"-117.45","56.19","ROMA","3075043","2018-12-16","2018","12","16","","","","","","","","","","","","","","","","","","","","","","",""
"-117.45","56.19","ROMA","3075043","2018-12-17","2018","12","17","","","","","","","","","","","","","","","","","","","","","","",""
"-117.45","56.19","ROMA","3075043","2018-12-18","2018","12","18","","","","","","","","","","","","","","","","","","","","","","",""
"-117.45","56.19","ROMA","3075043","2018-12-19","2018","12","19","","","","","","","","","","","","","","","","","","","","","","",""
"-117.45","56.19","ROMA","3075043","2018-12-20","2018","12","20","","","","","","","","","","","","","","","","","","","","","","",""
"-117.45","56.19","ROMA","3075043","2018-12-21","2018","12","21","","","","","","","","","","","","","","","","","","","","","","",""
"-117.45","56.19","ROMA","3075043","2018-12-22","2018","12","22","","","","","","","","","","","","","","","","","","","","","","",""
"-117.45","56.19","ROMA","3075043","2018-12-23","2018","12","23","","","","","","","","","","","","","","","","","","","","","","",""
"-117.45","56.19","ROMA","3075043","2018-12-24","2018","12","24","","","","","","","","","","","","","","","","","","","","","","",""
"-117.45","56.19","ROMA","3075043","2018-12-25","2018","12","25","","","","","","","","","","","","","","","","","","","","","","",""
"-117.45","56.19","ROMA","3075043","2018-12-26","2018","12","26","","","","","","","","","","","","","","","","","","","","","","",""
"-117.45","56.19","ROMA","3075043","2018-12-27","2018","12","27","","","","","","","","","","","","","","","","","","","","","","",""
"-117.45","56.19","ROMA","3075043","2018-12-28","2018","12","28","","","","","","","","","","","","","","","","","","","","","","",""
"-117.45","56.19","ROMA","3075043","2018-12-29","2018","12","29","","","","","","","","","","","","","","","","","","","","","","",""
"-117.45","56.19","ROMA","3075043","2018-12-30","2018","12","30","","","","","","","","","","","","","","","","","","","","","","",""
"-117.45","56.19","ROMA","3075043","2018-12-31","2018","12","31","","","","","","","","","","","","","","","","","","","","","","",""
